userId,paintingId,mode,IBI_RMSSD,IBI_SDSD,IBI_Mean,IBI_RRstd,IBI_Median,IBI_Min,IBI_Max,IBI_VLF_Pow,IBI_LF_Pow,IBI_HF_Pow,IBI_Total_Pow
01,01,B.txt,0.31117936949611574,0.30613814188152433,0.9971612903225807,0.23145808465718762,1.0009999999999994,0.24599999999999866,1.296000000000003,0.0004448379666316584,0.052241055297423795,0.09971596082513923,0.21404058963440506
