userId,paintingId,mode,IBI_RMSSD,IBI_SDSD,IBI_Mean,IBI_RRstd,IBI_Median,IBI_Min,IBI_Max,IBI_VLF_Pow,IBI_LF_Pow,IBI_HF_Pow,IBI_Total_Pow
01,01,Stress,0.03322560442600968,0.033192528511360495,0.7902560175054706,0.055151493091906374,0.7930000000000064,0.6040000000000418,0.9200000000000017,0.0006230636482299598,0.004099408331914273,0.000950033816050849,0.005701968710625746
01,01,Baseline,0.027062402450144865,0.026938256434582645,0.8164021739130436,0.0423841284338863,0.822000000000001,0.7170000000000023,0.9029999999999916,0.00022933780504502118,0.0019771440628464283,0.000786649935367987,0.003007156452360201
